valid_time,T2m_K,SST_K,wind_speed,duct_height_m
2025-01-01 00:00:00,298.97265625,300.44482421875,7.60539485583118,15.508040201005025
2025-01-01 01:00:00,298.903076171875,300.44482421875,7.503350855458364,15.508040201005025
2025-01-01 02:00:00,298.93359375,300.44482421875,7.2568730535245916,15.106532663316584
2025-01-01 03:00:00,299.017333984375,300.44482421875,7.00199398656651,14.705025125628142
2025-01-01 04:00:00,299.13525390625,300.44482421875,6.742134066192623,14.102763819095479
2025-01-01 05:00:00,299.244384765625,300.44482421875,6.4157187365765225,13.500502512562814
2025-01-01 06:00:00,299.28369140625,300.44482421875,6.128397575122917,13.098994974874373
2025-01-01 07:00:00,299.291015625,300.44482421875,6.0507056531376415,12.69748743718593
2025-01-01 08:00:00,299.2257080078125,300.44482421875,5.972909312959794,12.295979899497489
2025-01-01 09:00:00,299.168701171875,300.44482421875,5.773275144061213,11.894472361809045
2025-01-01 10:00:00,299.100341796875,300.44482421875,5.4063397097801795,10.68994974874372
2025-01-01 11:00:00,299.0618896484375,300.44482421875,5.274039310646624,10.489195979899499
2025-01-01 12:00:00,299.012939453125,300.44482421875,5.208132240118738,10.489195979899499
2025-01-01 13:00:00,298.93017578125,300.44482421875,5.235040670940759,10.288442211055278
2025-01-01 14:00:00,298.96728515625,300.44482421875,5.301058381447537,10.68994974874372
2025-01-01 15:00:00,299.0430908203125,300.44482421875,5.0497580991835616,10.68994974874372
2025-01-01 16:00:00,299.1248779296875,300.44482421875,4.758177999577978,10.489195979899499
2025-01-01 17:00:00,299.22314453125,300.44482421875,4.499306331268706,10.68994974874372
2025-01-01 18:00:00,299.27734375,300.44482421875,4.768151771032241,11.292211055276383
2025-01-01 19:00:00,299.267822265625,300.44482421875,5.392568259979711,12.49673366834171
2025-01-01 20:00:00,299.22509765625,300.44482421875,6.148269871352781,13.902010050251258
2025-01-01 21:00:00,299.148193359375,300.44482421875,6.763593070298571,14.905778894472363
2025-01-01 22:00:00,299.095703125,300.509033203125,6.2733722454530545,14.3035175879397
2025-01-01 23:00:00,299.0390625,300.509033203125,6.387781182870173,14.50427135678392
2025-01-02 00:00:00,299.03662109375,300.509033203125,6.443674357992512,14.705025125628142
2025-01-02 01:00:00,299.07666015625,300.509033203125,6.32814230305755,14.705025125628142
2025-01-02 02:00:00,299.134521484375,300.509033203125,6.09074994304292,14.705025125628142
2025-01-02 03:00:00,299.198974609375,300.509033203125,5.907205029664514,14.3035175879397
2025-01-02 04:00:00,299.243896484375,300.509033203125,5.8043623973161935,13.701256281407035
2025-01-02 05:00:00,299.2962646484375,300.509033203125,5.780758931694741,13.098994974874373
2025-01-02 06:00:00,299.332275390625,300.509033203125,5.760399317072155,12.49673366834171
2025-01-02 07:00:00,299.400146484375,300.509033203125,5.615991625104711,11.894472361809045
2025-01-02 08:00:00,299.476806640625,300.509033203125,5.499115647028268,11.693718592964824
2025-01-02 09:00:00,299.569091796875,300.509033203125,5.419993476072538,11.693718592964824
2025-01-02 10:00:00,299.4453125,300.509033203125,5.311688130152726,10.89070351758794
2025-01-02 11:00:00,299.483154296875,300.509033203125,5.220195311186064,10.68994974874372
2025-01-02 12:00:00,299.481201171875,300.509033203125,4.84930738638236,10.087688442211055
2025-01-02 13:00:00,299.4088134765625,300.509033203125,4.275821264623785,9.08391959798995
2025-01-02 14:00:00,299.4036865234375,300.509033203125,3.6901842063045813,8.280904522613065
2025-01-02 15:00:00,299.3929443359375,300.509033203125,3.330606908709936,7.8793969849246235
2025-01-02 16:00:00,299.4105224609375,300.509033203125,3.632364071611869,8.280904522613065
2025-01-02 17:00:00,299.372802734375,300.509033203125,4.485386196259608,9.485427135678393
2025-01-02 18:00:00,299.35986328125,300.509033203125,5.141715454246664,10.68994974874372
2025-01-02 19:00:00,299.32666015625,300.509033203125,5.664701667784691,11.492964824120603
2025-01-02 20:00:00,299.287353515625,300.509033203125,6.078728404560996,12.295979899497489
2025-01-02 21:00:00,299.251220703125,300.509033203125,6.577258398716372,13.098994974874373
2025-01-02 22:00:00,299.0166015625,300.5341796875,6.775878185376088,12.898241206030152
2025-01-02 23:00:00,299.099853515625,300.5341796875,7.00937080262863,13.902010050251258
2025-01-03 00:00:00,299.195068359375,300.5341796875,7.006654648196696,14.3035175879397
2025-01-03 01:00:00,299.299560546875,300.5341796875,6.800289013006802,14.705025125628142
2025-01-03 02:00:00,299.40576171875,300.5341796875,6.458207340351008,14.50427135678392
2025-01-03 03:00:00,299.487060546875,300.5341796875,6.127223234622817,14.3035175879397
2025-01-03 04:00:00,299.563232421875,300.5341796875,5.7259244119543,13.701256281407035
2025-01-03 05:00:00,299.59423828125,300.5341796875,5.263959812452553,12.69748743718593
2025-01-03 06:00:00,299.605712890625,300.5341796875,4.737241158647255,11.693718592964824
2025-01-03 07:00:00,299.6932373046875,300.5341796875,3.9406906561483037,10.288442211055278
2025-01-03 08:00:00,299.818603515625,300.5341796875,3.2337752760692746,9.284673366834172
2025-01-03 09:00:00,299.97509765625,300.5341796875,2.4445103056572135,8.280904522613065
2025-01-03 10:00:00,300.16650390625,300.5341796875,1.9104501678148742,7.8793969849246235
2025-01-03 11:00:00,300.1904296875,300.5341796875,1.4449232758164352,6.875628140703517
2025-01-03 12:00:00,300.0758056640625,300.5341796875,1.4427186264126797,6.674874371859296
2025-01-03 13:00:00,299.8504638671875,300.5341796875,1.8618325436725862,7.27713567839196
2025-01-03 14:00:00,299.6817626953125,300.5341796875,2.491517367932351,7.8793969849246235
2025-01-03 15:00:00,299.488037109375,300.5341796875,3.1036525583427075,8.682412060301509
2025-01-03 16:00:00,299.315673828125,300.5341796875,3.6845151957849,9.284673366834172
2025-01-03 17:00:00,299.1494140625,300.5341796875,4.435872000017417,10.087688442211055
2025-01-03 18:00:00,299.017333984375,300.5341796875,5.244137245071466,11.091457286432162
2025-01-03 19:00:00,298.88623046875,300.5341796875,6.013726083370087,11.894472361809045
2025-01-03 20:00:00,298.793212890625,300.5341796875,6.488195961939114,12.69748743718593
2025-01-03 21:00:00,298.822509765625,300.5341796875,6.663130102447317,13.500502512562814
2025-01-03 22:00:00,298.720458984375,300.5029296875,6.315616695755837,13.299748743718594
2025-01-03 23:00:00,298.8203125,300.5029296875,6.286084112103457,13.500502512562814
2025-01-04 00:00:00,298.956298828125,300.5029296875,6.269634807480089,13.902010050251258
2025-01-04 01:00:00,299.04052734375,300.5029296875,6.276243644357308,14.102763819095479
2025-01-04 02:00:00,299.06787109375,300.5029296875,6.376884498964457,14.102763819095479
2025-01-04 03:00:00,299.086669921875,300.5029296875,6.470389981102148,14.102763819095479
2025-01-04 04:00:00,299.17919921875,300.5029296875,6.517355891124992,14.3035175879397
2025-01-04 05:00:00,299.27001953125,300.5029296875,6.336353168147183,14.3035175879397
2025-01-04 06:00:00,299.3553466796875,300.5029296875,6.23866401340775,14.50427135678392
2025-01-04 07:00:00,299.34716796875,300.5029296875,6.03128434040029,14.3035175879397
2025-01-04 08:00:00,299.341796875,300.5029296875,5.770618594471289,14.102763819095479
2025-01-04 09:00:00,299.2965087890625,300.5029296875,5.512109287974092,13.701256281407035
2025-01-04 10:00:00,299.1939697265625,300.5029296875,5.413924120716126,13.701256281407035
2025-01-04 11:00:00,299.1904296875,300.5029296875,5.035703843862425,13.299748743718594
2025-01-04 12:00:00,299.171142578125,300.5029296875,4.729626797339357,12.69748743718593
2025-01-04 13:00:00,299.06134033203125,300.5029296875,4.751377551269033,12.49673366834171
2025-01-04 14:00:00,298.972412109375,300.5029296875,5.2135590562307526,13.098994974874373
2025-01-04 15:00:00,298.85400390625,300.5029296875,5.720567356055203,13.500502512562814
2025-01-04 16:00:00,298.77490234375,300.5029296875,6.211239417440785,14.102763819095479
2025-01-04 17:00:00,298.782470703125,300.5029296875,6.635087448184294,14.905778894472363
2025-01-04 18:00:00,298.822509765625,300.5029296875,7.000910332987454,15.508040201005025
2025-01-04 19:00:00,298.848388671875,300.5029296875,7.408104165055761,16.31105527638191
2025-01-04 20:00:00,298.814453125,300.5029296875,7.763261608598779,16.712562814070353
2025-01-04 21:00:00,298.742431640625,300.5029296875,8.269381064428886,17.314824120603017
2025-01-04 22:00:00,298.511962890625,300.212646484375,8.475230487035958,17.114070351758794
2025-01-04 23:00:00,298.34619140625,300.212646484375,8.541310922922804,17.114070351758794
2025-01-05 00:00:00,298.1767578125,300.212646484375,8.303914208230704,16.51180904522613
2025-01-05 01:00:00,298.025634765625,300.212646484375,8.369220033339014,16.51180904522613
2025-01-05 02:00:00,297.89013671875,300.212646484375,8.377656546065472,16.712562814070353
2025-01-05 03:00:00,297.8603515625,300.212646484375,8.324125601572005,16.913316582914575
2025-01-05 04:00:00,297.913818359375,300.212646484375,7.766568665403007,16.31105527638191
2025-01-05 05:00:00,297.973876953125,300.212646484375,7.258407372129228,15.909547738693469
2025-01-05 06:00:00,297.9735107421875,300.212646484375,7.070295695421892,15.708793969849248
2025-01-05 07:00:00,297.92529296875,300.212646484375,7.01695209618419,15.508040201005025
2025-01-05 08:00:00,297.8707275390625,300.212646484375,6.8750964857809915,15.106532663316584
2025-01-05 09:00:00,297.8485107421875,300.212646484375,6.99932985214214,15.307286432160804
2025-01-05 10:00:00,297.4652099609375,300.212646484375,7.180319996695223,15.106532663316584
2025-01-05 11:00:00,297.399658203125,300.212646484375,7.3425587481972725,15.307286432160804
2025-01-05 12:00:00,297.3697509765625,300.212646484375,7.717565860156648,16.31105527638191
2025-01-05 13:00:00,297.443115234375,300.212646484375,7.922833045145318,17.114070351758794
2025-01-05 14:00:00,297.6429443359375,300.212646484375,7.874304821232187,17.71633165829146
2025-01-05 15:00:00,297.86767578125,300.212646484375,7.581080894165093,17.917085427135678
2025-01-05 16:00:00,298.0335693359375,300.212646484375,7.0934756332834015,17.314824120603017
2025-01-05 17:00:00,298.036865234375,300.212646484375,6.953529180073463,16.913316582914575
2025-01-05 18:00:00,297.902587890625,300.212646484375,7.18649353181363,16.913316582914575
2025-01-05 19:00:00,297.7779541015625,300.212646484375,7.4559049475747,17.114070351758794
2025-01-05 20:00:00,297.784423828125,300.212646484375,7.624392945414668,17.515577889447236
2025-01-05 21:00:00,297.8466796875,300.212646484375,7.810416366432244,17.917085427135678
2025-01-05 22:00:00,297.876708984375,300.078857421875,7.687920192554486,17.515577889447236
2025-01-05 23:00:00,297.855224609375,300.078857421875,8.083568567157348,18.1178391959799
2025-01-06 00:00:00,297.7529296875,300.078857421875,8.63036645970092,18.720100502512565
2025-01-06 01:00:00,297.59033203125,300.078857421875,9.025358851360258,19.121608040201007
2025-01-06 02:00:00,297.484130859375,300.078857421875,9.04027932539204,19.322361809045226
2025-01-06 03:00:00,297.44873046875,300.078857421875,9.154315148580624,19.723869346733668
2025-01-06 04:00:00,297.472412109375,300.078857421875,9.229816670466048,20.326130653266333
2025-01-06 05:00:00,297.47723388671875,300.078857421875,9.199096941812208,20.526884422110555
2025-01-06 06:00:00,297.4512939453125,300.078857421875,8.939553998149233,20.526884422110555
2025-01-06 07:00:00,297.3824462890625,300.078857421875,8.528960145445302,19.92462311557789
2025-01-06 08:00:00,297.303466796875,300.078857421875,8.330732511968144,19.723869346733668
2025-01-06 09:00:00,297.3070068359375,300.078857421875,8.250340936391687,19.52311557788945
2025-01-06 10:00:00,297.2415771484375,300.078857421875,7.967622729131038,19.723869346733668
2025-01-06 11:00:00,297.3487548828125,300.078857421875,7.660604634580143,19.322361809045226
2025-01-06 12:00:00,297.4332275390625,300.078857421875,7.785812192925641,19.92462311557789
2025-01-06 13:00:00,297.520751953125,300.078857421875,7.886393342740327,20.727638190954774
2025-01-06 14:00:00,297.6585693359375,300.078857421875,8.086047267816637,21.530653266331658
2025-01-06 15:00:00,297.7802734375,300.078857421875,8.128301217855133,21.73140703517588
2025-01-06 16:00:00,297.9150390625,300.078857421875,8.29745952975162,21.9321608040201
2025-01-06 17:00:00,298.038818359375,300.078857421875,8.729568335512225,22.935929648241206
2025-01-06 18:00:00,298.1142578125,300.078857421875,9.088212731067314,23.73894472361809
2025-01-06 19:00:00,298.053466796875,300.078857421875,9.276190193800195,24.140452261306535
2025-01-06 20:00:00,297.9375,300.078857421875,9.318460519710362,23.939698492462313
2025-01-06 21:00:00,297.74609375,300.078857421875,9.288502570074824,23.13668341708543
2025-01-06 22:00:00,297.46826171875,299.8388671875,8.694511770990673,21.530653266331658
2025-01-06 23:00:00,297.3779296875,299.8388671875,8.8727494274602,21.32989949748744
2025-01-07 00:00:00,297.318359375,299.8388671875,9.107625762785057,21.32989949748744
2025-01-07 01:00:00,297.271484375,299.8388671875,9.315609783302163,21.32989949748744
2025-01-07 02:00:00,297.25830078125,299.8388671875,9.490749027722202,21.129145728643216
2025-01-07 03:00:00,297.276123046875,299.8388671875,9.673062102613113,21.129145728643216
2025-01-07 04:00:00,297.310791015625,299.8388671875,9.77564629213027,20.928391959798997
2025-01-07 05:00:00,297.343017578125,299.8388671875,9.909316064549902,20.526884422110555
2025-01-07 06:00:00,297.3975830078125,299.8388671875,9.937718587134256,20.12537688442211
2025-01-07 07:00:00,297.4517822265625,299.8388671875,9.913117728526684,19.723869346733668
2025-01-07 08:00:00,297.5380859375,299.8388671875,9.831923201790994,19.52311557788945
2025-01-07 09:00:00,297.642822265625,299.8388671875,9.753966894732747,19.322361809045226
2025-01-07 10:00:00,297.452392578125,299.8388671875,9.501380092459096,18.720100502512565
2025-01-07 11:00:00,297.59521484375,299.8388671875,9.669842039612096,19.121608040201007
2025-01-07 12:00:00,297.73974609375,299.8388671875,9.95497695665817,19.92462311557789
2025-01-07 13:00:00,297.9554443359375,299.8388671875,10.04083950374145,20.928391959798997
2025-01-07 14:00:00,298.2213134765625,299.8388671875,10.128987717314649,22.333668341708545
2025-01-07 15:00:00,298.448486328125,299.8388671875,10.032855750960412,23.13668341708543
2025-01-07 16:00:00,298.56787109375,299.8388671875,9.82446159172623,23.337437185929648
2025-01-07 17:00:00,298.554443359375,299.8388671875,9.53669863585796,22.735175879396987
2025-01-07 18:00:00,298.461669921875,299.8388671875,9.549255550667718,22.132914572864323
2025-01-07 19:00:00,298.35400390625,299.8388671875,9.653712962246912,21.9321608040201
2025-01-07 20:00:00,298.232666015625,299.8388671875,9.820242337377003,21.530653266331658
2025-01-07 21:00:00,298.130126953125,299.8388671875,9.871594542091024,21.129145728643216
2025-01-07 22:00:00,297.989013671875,299.698486328125,9.700391109291747,20.12537688442211
2025-01-07 23:00:00,297.97314453125,299.698486328125,9.314244334425851,19.121608040201007
2025-01-08 00:00:00,297.96484375,299.698486328125,8.741025220385756,17.917085427135678
2025-01-08 01:00:00,297.969970703125,299.698486328125,8.125617843815883,16.712562814070353
2025-01-08 02:00:00,297.97412109375,299.698486328125,7.856048147222146,16.110301507537688
2025-01-08 03:00:00,297.994384765625,299.698486328125,7.704473740793652,15.909547738693469
2025-01-08 04:00:00,298.082763671875,299.698486328125,7.52070787081301,15.708793969849248
2025-01-08 05:00:00,298.1416015625,299.698486328125,7.256060808066412,15.508040201005025
2025-01-08 06:00:00,298.1651611328125,299.698486328125,7.1888102017850946,15.508040201005025
2025-01-08 07:00:00,298.13818359375,299.698486328125,7.20178744127447,15.307286432160804
2025-01-08 08:00:00,298.113525390625,299.698486328125,7.181926608535128,15.307286432160804
2025-01-08 09:00:00,298.109130859375,299.698486328125,7.190822616907769,15.307286432160804
2025-01-08 10:00:00,298.066650390625,299.698486328125,7.1987873805745535,15.106532663316584
2025-01-08 11:00:00,298.1202392578125,299.698486328125,6.988746598420036,14.905778894472363
2025-01-08 12:00:00,298.1976318359375,299.698486328125,6.674766200403934,14.705025125628142
2025-01-08 13:00:00,298.261474609375,299.698486328125,6.48900262829262,14.50427135678392
2025-01-08 14:00:00,298.3245849609375,299.698486328125,6.228286827798665,14.102763819095479
2025-01-08 15:00:00,298.3974609375,299.698486328125,5.909829685132645,13.701256281407035
2025-01-08 16:00:00,298.482666015625,299.698486328125,5.397112208521361,13.098994974874373
2025-01-08 17:00:00,298.560302734375,299.698486328125,4.964468383766551,12.49673366834171
2025-01-08 18:00:00,298.5810546875,299.698486328125,4.658777806807555,12.095226130653268
2025-01-08 19:00:00,298.61572265625,299.698486328125,4.425587563704018,11.894472361809045
2025-01-08 20:00:00,298.603759765625,299.698486328125,4.401404090674376,11.693718592964824
2025-01-08 21:00:00,298.558837890625,299.698486328125,4.713622670779463,12.095226130653268
2025-01-08 22:00:00,298.50048828125,299.69580078125,5.206710095501629,12.898241206030152
2025-01-08 23:00:00,298.466552734375,299.69580078125,5.423567377451822,13.098994974874373
2025-01-09 00:00:00,298.451904296875,299.69580078125,5.346117158434817,12.898241206030152
2025-01-09 01:00:00,298.4912109375,299.69580078125,5.472644041904288,13.098994974874373
2025-01-09 02:00:00,298.549072265625,299.69580078125,5.696769886987955,13.701256281407035
2025-01-09 03:00:00,298.61474609375,299.69580078125,5.926439637862011,13.902010050251258
2025-01-09 04:00:00,298.735107421875,299.69580078125,5.9414321409511865,14.102763819095479
2025-01-09 05:00:00,298.8760986328125,299.69580078125,5.945988383442355,14.3035175879397
2025-01-09 06:00:00,299.04443359375,299.69580078125,5.815792211388062,14.50427135678392
2025-01-09 07:00:00,299.2509765625,299.69580078125,5.64172947738427,14.905778894472363
2025-01-09 08:00:00,299.4066162109375,299.69580078125,5.5110712474093235,15.307286432160804
2025-01-09 09:00:00,299.499267578125,299.69580078125,5.3497595017824136,15.508040201005025
2025-01-09 10:00:00,299.601318359375,299.69580078125,4.370239536821033,13.701256281407035
2025-01-09 11:00:00,299.6461181640625,299.69580078125,3.8547462533860113,12.69748743718593
2025-01-09 12:00:00,299.6483154296875,299.69580078125,3.5798465807496114,12.095226130653268
2025-01-09 13:00:00,299.626953125,299.69580078125,3.68583089730858,12.095226130653268
2025-01-09 14:00:00,299.63037109375,299.69580078125,3.8100406945622236,12.295979899497489
2025-01-09 15:00:00,299.62939453125,299.69580078125,3.826687522114716,12.295979899497489
2025-01-09 16:00:00,299.56640625,299.69580078125,3.6342030069084608,11.693718592964824
2025-01-09 17:00:00,299.48291015625,299.69580078125,3.4823000983751826,11.091457286432162
2025-01-09 18:00:00,299.36962890625,299.69580078125,3.006611294669625,9.886934673366834
2025-01-09 19:00:00,299.206787109375,299.69580078125,1.8920060750814498,7.477889447236181
2025-01-09 20:00:00,299.076416015625,299.69580078125,0.5462589193288766,4.2658291457286435
2025-01-09 21:00:00,298.923095703125,299.69580078125,0.26386446277276115,3.8643216080402008
2025-01-09 22:00:00,298.77783203125,299.700439453125,1.76773684649171,6.875628140703517
2025-01-09 23:00:00,298.686279296875,299.700439453125,1.9394399533491995,7.076381909547739
2025-01-10 00:00:00,298.580810546875,299.700439453125,2.3022918399804646,7.678643216080402
2025-01-10 01:00:00,298.54052734375,299.700439453125,2.360725769513883,7.678643216080402
2025-01-10 02:00:00,298.49951171875,299.700439453125,2.135930142572236,7.477889447236181
2025-01-10 03:00:00,298.543701171875,299.700439453125,1.7283204516039927,6.674874371859296
2025-01-10 04:00:00,298.664306640625,299.700439453125,1.320111567680993,6.0726130653266335
2025-01-10 05:00:00,298.7940673828125,299.700439453125,1.1308868242014174,5.871859296482412
2025-01-10 06:00:00,298.8641357421875,299.700439453125,1.2815103503514005,6.273366834170854
2025-01-10 07:00:00,298.9276123046875,299.700439453125,1.387767366814436,6.674874371859296
2025-01-10 08:00:00,298.98291015625,299.700439453125,1.385342805206315,6.875628140703517
2025-01-10 09:00:00,299.0225830078125,299.700439453125,1.4361471446534952,7.076381909547739
2025-01-10 10:00:00,299.0198974609375,299.700439453125,1.7604191307718033,7.477889447236181
2025-01-10 11:00:00,299.0045166015625,299.700439453125,1.9836862579818435,7.8793969849246235
2025-01-10 12:00:00,298.939453125,299.700439453125,1.882252607207941,7.678643216080402
2025-01-10 13:00:00,298.8685302734375,299.700439453125,1.6462579316352393,7.076381909547739
2025-01-10 14:00:00,298.79803466796875,299.700439453125,1.2896504276093608,6.273366834170854
2025-01-10 15:00:00,298.7574462890625,299.700439453125,1.2325478814677937,6.0726130653266335
2025-01-10 16:00:00,298.7041015625,299.700439453125,1.016872333759483,5.671105527638191
2025-01-10 17:00:00,298.636474609375,299.700439453125,0.6825351611230945,4.667336683417085
2025-01-10 18:00:00,298.548583984375,299.700439453125,0.878329627242351,5.269597989949749
2025-01-10 19:00:00,298.45947265625,299.700439453125,1.6058301223107823,6.674874371859296
2025-01-10 20:00:00,298.366455078125,299.700439453125,2.396687270143091,7.8793969849246235
2025-01-10 21:00:00,298.279541015625,299.700439453125,3.2057597724484954,8.88316582914573
2025-01-10 22:00:00,298.251220703125,299.671142578125,4.453819335484418,10.087688442211055
2025-01-10 23:00:00,298.13330078125,299.671142578125,5.5001047461225205,11.091457286432162
2025-01-11 00:00:00,297.783935546875,299.671142578125,6.373144011819625,11.292211055276383
2025-01-11 01:00:00,297.513671875,299.671142578125,6.923489700437976,11.292211055276383
2025-01-11 02:00:00,297.330078125,299.671142578125,7.157644316425157,11.693718592964824
2025-01-11 03:00:00,297.3662109375,299.671142578125,7.159011493737678,12.49673366834171
2025-01-11 04:00:00,297.48291015625,299.671142578125,6.89359883255637,13.098994974874373
2025-01-11 05:00:00,297.564208984375,299.671142578125,6.717576516498611,13.299748743718594
2025-01-11 06:00:00,297.5732421875,299.671142578125,6.697102682535688,13.500502512562814
2025-01-11 07:00:00,297.465576171875,299.671142578125,6.630952496815771,13.299748743718594
2025-01-11 08:00:00,297.3394775390625,299.671142578125,6.575832194173685,13.299748743718594
2025-01-11 09:00:00,297.2227783203125,299.671142578125,6.517303312196951,13.098994974874373
2025-01-11 10:00:00,297.23974609375,299.671142578125,5.945785375399546,12.69748743718593
2025-01-11 11:00:00,297.2469482421875,299.671142578125,5.680583115044899,12.49673366834171
2025-01-11 12:00:00,297.2449951171875,299.671142578125,5.513082067866364,12.295979899497489
2025-01-11 13:00:00,297.23260498046875,299.671142578125,5.2697963208296965,12.095226130653268
2025-01-11 14:00:00,297.26422119140625,299.671142578125,5.0839478964601525,12.095226130653268
2025-01-11 15:00:00,297.302490234375,299.671142578125,4.997546811991428,12.295979899497489
2025-01-11 16:00:00,297.334716796875,299.671142578125,4.69204034828318,12.095226130653268
2025-01-11 17:00:00,297.31396484375,299.671142578125,4.313511935451328,11.693718592964824
2025-01-11 18:00:00,297.259033203125,299.671142578125,3.9172289887784806,11.091457286432162
2025-01-11 19:00:00,297.16796875,299.671142578125,3.824998148370792,11.091457286432162
2025-01-11 20:00:00,297.092529296875,299.671142578125,3.8104894311176167,11.091457286432162
2025-01-11 21:00:00,297.08544921875,299.671142578125,4.016002472737325,11.492964824120603
2025-01-11 22:00:00,297.050048828125,299.693359375,4.618417252258834,12.49673366834171
2025-01-11 23:00:00,297.1220703125,299.693359375,4.791472418664238,12.898241206030152
2025-01-12 00:00:00,297.189453125,299.693359375,4.912836887532707,13.299748743718594
2025-01-12 01:00:00,297.254638671875,299.693359375,5.069791740836811,13.500502512562814
2025-01-12 02:00:00,297.320068359375,299.693359375,5.487399179916595,14.102763819095479
2025-01-12 03:00:00,297.383056640625,299.693359375,6.047513067826044,14.905778894472363
2025-01-12 04:00:00,297.5303955078125,299.693359375,6.460998564147474,15.307286432160804
2025-01-12 05:00:00,297.62841796875,299.693359375,6.645453303447787,15.307286432160804
2025-01-12 06:00:00,297.64794921875,299.693359375,6.919374062792379,15.508040201005025
2025-01-12 07:00:00,297.60546875,299.693359375,7.229203722526346,15.708793969849248
2025-01-12 08:00:00,297.580078125,299.693359375,7.629743630013619,16.31105527638191
2025-01-12 09:00:00,297.5682373046875,299.693359375,7.9613811530564735,16.913316582914575
2025-01-12 10:00:00,297.4600830078125,299.693359375,7.896978256261575,16.712562814070353
2025-01-12 11:00:00,297.637939453125,299.693359375,8.167889166750529,17.71633165829146
2025-01-12 12:00:00,297.872802734375,299.693359375,8.31406913510049,18.920854271356784
2025-01-12 13:00:00,298.091796875,299.693359375,8.348824812630937,20.12537688442211
2025-01-12 14:00:00,298.33148193359375,299.693359375,8.292868254921204,21.129145728643216
2025-01-12 15:00:00,298.5260009765625,299.693359375,8.227495556342786,22.132914572864323
2025-01-12 16:00:00,298.6607666015625,299.693359375,8.342537395706906,23.13668341708543
2025-01-12 17:00:00,298.702880859375,299.693359375,8.651603032605017,24.140452261306535
2025-01-12 18:00:00,298.6500244140625,299.693359375,8.87602887060567,24.140452261306535
2025-01-12 19:00:00,298.456787109375,299.693359375,8.940965394807348,22.935929648241206
2025-01-12 20:00:00,298.243896484375,299.693359375,9.081048230594929,21.73140703517588
2025-01-12 21:00:00,298.117431640625,299.693359375,9.1841357960857,21.32989949748744
2025-01-12 22:00:00,297.978515625,299.59521484375,8.920539192752823,20.326130653266333
2025-01-12 23:00:00,297.93701171875,299.59521484375,9.122007540687052,20.326130653266333
2025-01-13 00:00:00,297.896484375,299.59521484375,9.226570187393563,20.12537688442211
2025-01-13 01:00:00,297.889892578125,299.59521484375,9.248266437589296,19.52311557788945
2025-01-13 02:00:00,297.8642578125,299.59521484375,9.255612357189124,19.121608040201007
2025-01-13 03:00:00,297.871826171875,299.59521484375,9.140906273990149,18.519346733668343
2025-01-13 04:00:00,297.966552734375,299.59521484375,9.033987712913097,18.1178391959799
2025-01-13 05:00:00,298.06201171875,299.59521484375,8.830419780309098,17.71633165829146
2025-01-13 06:00:00,298.130615234375,299.59521484375,8.609499471244623,17.314824120603017
2025-01-13 07:00:00,298.136962890625,299.59521484375,8.290663412479315,16.51180904522613
2025-01-13 08:00:00,298.110595703125,299.59521484375,8.039069283298234,15.909547738693469
2025-01-13 09:00:00,298.063232421875,299.59521484375,8.033220125710658,15.708793969849248
2025-01-13 10:00:00,297.8406982421875,299.59521484375,8.137722440987051,15.307286432160804
2025-01-13 11:00:00,297.8306884765625,299.59521484375,8.382068490042121,15.708793969849248
2025-01-13 12:00:00,297.94091796875,299.59521484375,8.420843703917575,16.110301507537688
2025-01-13 13:00:00,298.095703125,299.59521484375,8.269333144495054,16.31105527638191
2025-01-13 14:00:00,298.330810546875,299.59521484375,8.154126405204677,16.913316582914575
2025-01-13 15:00:00,298.573974609375,299.59521484375,8.156207504246822,17.71633165829146
2025-01-13 16:00:00,298.6962890625,299.59521484375,8.286876578506277,18.519346733668343
2025-01-13 17:00:00,298.683349609375,299.59521484375,8.351865552896111,18.720100502512565
2025-01-13 18:00:00,298.60546875,299.59521484375,8.31217550240885,18.920854271356784
2025-01-13 19:00:00,298.500244140625,299.59521484375,8.117234870940047,18.519346733668343
2025-01-13 20:00:00,298.3935546875,299.59521484375,7.793496786987334,17.71633165829146
2025-01-13 21:00:00,298.2548828125,299.59521484375,7.514809013222566,16.913316582914575
2025-01-13 22:00:00,298.005126953125,299.655517578125,6.908161364160989,15.106532663316584
2025-01-13 23:00:00,297.858154296875,299.655517578125,6.755557825649602,14.50427135678392
2025-01-14 00:00:00,297.759521484375,299.655517578125,6.6787910282489795,13.902010050251258
2025-01-14 01:00:00,297.737060546875,299.655517578125,6.521158876551013,13.500502512562814
2025-01-14 02:00:00,297.7138671875,299.655517578125,6.458377161331131,13.098994974874373
2025-01-14 03:00:00,297.744140625,299.655517578125,6.301927803152924,12.69748743718593
2025-01-14 04:00:00,297.80859375,299.655517578125,6.011902069965348,12.095226130653268
2025-01-14 05:00:00,297.9256591796875,299.655517578125,5.433147696229562,11.292211055276383
2025-01-14 06:00:00,298.0325927734375,299.655517578125,4.832491152032403,10.489195979899499
2025-01-14 07:00:00,298.0748291015625,299.655517578125,4.2000138273612,9.686180904522613
2025-01-14 08:00:00,298.068603515625,299.655517578125,3.7604660459597095,8.88316582914573
2025-01-14 09:00:00,297.99755859375,299.655517578125,3.770795687807457,8.88316582914573
2025-01-14 10:00:00,297.990966796875,299.655517578125,3.997528327959185,9.08391959798995
2025-01-14 11:00:00,297.88818359375,299.655517578125,4.651616534338946,9.886934673366834
2025-01-14 12:00:00,297.741943359375,299.655517578125,5.253722434612925,10.489195979899499
2025-01-14 13:00:00,297.6134033203125,299.655517578125,5.449656781883571,10.68994974874372
2025-01-14 14:00:00,297.549072265625,299.655517578125,5.630298511355539,11.091457286432162
2025-01-14 15:00:00,297.5626220703125,299.655517578125,5.521743534636279,11.091457286432162
2025-01-14 16:00:00,297.591064453125,299.655517578125,5.035958357628561,10.68994974874372
2025-01-14 17:00:00,297.576416015625,299.655517578125,4.337970696646986,9.686180904522613
2025-01-14 18:00:00,297.5728759765625,299.655517578125,3.925204543940978,9.08391959798995
2025-01-14 19:00:00,297.521240234375,299.655517578125,3.63520056827605,8.682412060301509
2025-01-14 20:00:00,297.4794921875,299.655517578125,3.453141226348738,8.280904522613065
2025-01-14 21:00:00,297.442138671875,299.655517578125,3.553731787304097,8.481658291457288
2025-01-14 22:00:00,297.5390625,299.591796875,3.578067089909956,8.88316582914573
2025-01-14 23:00:00,297.549072265625,299.591796875,4.077245984366746,9.686180904522613
2025-01-15 00:00:00,297.5576171875,299.591796875,4.549650555363326,10.288442211055278
2025-01-15 01:00:00,297.5283203125,299.591796875,4.9243330073655995,10.68994974874372
2025-01-15 02:00:00,297.465576171875,299.591796875,5.527253919404758,11.693718592964824
2025-01-15 03:00:00,297.41259765625,299.591796875,5.854230191892264,12.095226130653268
2025-01-15 04:00:00,297.4560546875,299.591796875,5.78201717915844,12.295979899497489
2025-01-15 05:00:00,297.52001953125,299.591796875,5.36815563109813,11.894472361809045
2025-01-15 06:00:00,297.5859375,299.591796875,4.998365583801265,11.492964824120603
2025-01-15 07:00:00,297.6343994140625,299.591796875,4.953545399878031,11.492964824120603
2025-01-15 08:00:00,297.654052734375,299.591796875,5.068010069293824,11.894472361809045
2025-01-15 09:00:00,297.660888671875,299.591796875,5.2881641704666995,12.295979899497489
2025-01-15 10:00:00,297.3660888671875,299.591796875,5.203909466886113,12.095226130653268
2025-01-15 11:00:00,297.371826171875,299.591796875,5.775713635528679,13.098994974874373
2025-01-15 12:00:00,297.4459228515625,299.591796875,6.427294850354679,14.3035175879397
2025-01-15 13:00:00,297.5426025390625,299.591796875,6.880719053678132,15.307286432160804
2025-01-15 14:00:00,297.67474365234375,299.591796875,7.043808465731948,15.909547738693469
2025-01-15 15:00:00,297.86041259765625,299.591796875,6.900240874389739,16.110301507537688
2025-01-15 16:00:00,298.0084228515625,299.591796875,6.920727946586993,16.31105527638191
2025-01-15 17:00:00,298.1483154296875,299.591796875,6.969906686310937,16.51180904522613
2025-01-15 18:00:00,298.2774658203125,299.591796875,7.27189330402099,17.314824120603017
2025-01-15 19:00:00,298.34619140625,299.591796875,7.760887406276844,18.31859296482412
2025-01-15 20:00:00,298.3179931640625,299.591796875,8.432485857544464,19.322361809045226
2025-01-15 21:00:00,298.1171875,299.591796875,8.962933665359996,19.723869346733668
2025-01-15 22:00:00,297.697265625,299.472900390625,9.117847781682828,19.52311557788945
2025-01-15 23:00:00,297.464111328125,299.472900390625,9.19376681410442,19.322361809045226
2025-01-16 00:00:00,297.360595703125,299.472900390625,9.335203969067324,19.52311557788945
2025-01-16 01:00:00,297.293212890625,299.472900390625,9.424780614739849,19.723869346733668
2025-01-16 02:00:00,297.2373046875,299.472900390625,9.529162835818703,19.92462311557789
2025-01-16 03:00:00,297.2242431640625,299.472900390625,9.589421058097159,20.12537688442211
2025-01-16 04:00:00,297.248291015625,299.472900390625,9.658421321688063,20.12537688442211
2025-01-16 05:00:00,297.264892578125,299.472900390625,9.670368029142235,20.326130653266333
2025-01-16 06:00:00,297.2554931640625,299.472900390625,9.767058099902894,20.526884422110555
2025-01-16 07:00:00,297.143310546875,299.472900390625,9.744118678901106,20.12537688442211
2025-01-16 08:00:00,297.061767578125,299.472900390625,9.682235461382204,19.92462311557789
2025-01-16 09:00:00,297.0706787109375,299.472900390625,9.572027924854844,19.92462311557789
2025-01-16 10:00:00,296.9908447265625,299.472900390625,9.071793434904507,18.920854271356784
2025-01-16 11:00:00,297.220947265625,299.472900390625,9.091798369136589,19.322361809045226
2025-01-16 12:00:00,297.500732421875,299.472900390625,9.297023650854747,20.326130653266333
2025-01-16 13:00:00,297.816650390625,299.472900390625,9.502920045691944,21.73140703517588
2025-01-16 14:00:00,298.171142578125,299.472900390625,9.519889842521232,23.13668341708543
2025-01-16 15:00:00,298.47802734375,299.472900390625,9.678393119931112,24.541959798994977
2025-01-16 16:00:00,298.6923828125,299.472900390625,9.900260343946032,25.947236180904525
2025-01-16 17:00:00,298.741943359375,299.472900390625,10.067039129720946,26.147989949748744
2025-01-16 18:00:00,298.6483154296875,299.472900390625,10.062520224927782,25.54572864321608
2025-01-16 19:00:00,298.4593505859375,299.472900390625,9.986595811397622,24.140452261306535
2025-01-16 20:00:00,298.2685546875,299.472900390625,10.145934233251305,23.53819095477387
2025-01-16 21:00:00,298.0946044921875,299.472900390625,10.182579159414102,22.735175879396987
2025-01-16 22:00:00,297.79296875,299.4169921875,10.02528639622073,21.73140703517588
2025-01-16 23:00:00,297.640380859375,299.4169921875,9.83278007724987,20.526884422110555
2025-01-17 00:00:00,297.52392578125,299.4169921875,9.291254585919313,18.720100502512565
2025-01-17 01:00:00,297.46875,299.4169921875,8.756007632248158,16.913316582914575
2025-01-17 02:00:00,297.449951171875,299.4169921875,8.21793618417879,15.307286432160804
2025-01-17 03:00:00,297.545166015625,299.4169921875,7.825170897929301,14.3035175879397
2025-01-17 04:00:00,297.6806640625,299.4169921875,7.460571907483216,13.500502512562814
2025-01-17 05:00:00,297.81591796875,299.4169921875,7.151487157107861,12.898241206030152
2025-01-17 06:00:00,297.9365234375,299.4169921875,7.0441597866948396,12.69748743718593
2025-01-17 07:00:00,298.0052490234375,299.4169921875,7.102437526814879,12.69748743718593
2025-01-17 08:00:00,298.06494140625,299.4169921875,7.126496724890202,12.69748743718593
2025-01-17 09:00:00,298.1429443359375,299.4169921875,7.005603609758415,12.49673366834171
2025-01-17 10:00:00,298.1436767578125,299.4169921875,6.559285153599252,11.894472361809045
2025-01-17 11:00:00,298.297119140625,299.4169921875,6.382009204126433,11.894472361809045
2025-01-17 12:00:00,298.3876953125,299.4169921875,6.369440823783185,11.894472361809045
2025-01-17 13:00:00,298.4375,299.4169921875,6.566131852600261,12.295979899497489
2025-01-17 14:00:00,298.444091796875,299.4169921875,6.662966410359293,12.295979899497489
2025-01-17 15:00:00,298.53662109375,299.4169921875,6.481299465953807,12.295979899497489
2025-01-17 16:00:00,298.6414794921875,299.4169921875,6.185801832970509,12.095226130653268
2025-01-17 17:00:00,298.73779296875,299.4169921875,5.847347537610305,11.693718592964824
2025-01-17 18:00:00,298.773681640625,299.4169921875,5.738975925952694,11.292211055276383
2025-01-17 19:00:00,298.757568359375,299.4169921875,5.75860545343329,10.89070351758794
2025-01-17 20:00:00,298.78466796875,299.4169921875,5.690332487686801,11.091457286432162
2025-01-17 21:00:00,298.804443359375,299.4169921875,5.404043013006221,10.89070351758794
2025-01-17 22:00:00,298.82080078125,299.674072265625,5.201314002694925,10.68994974874372
2025-01-17 23:00:00,298.791259765625,299.674072265625,5.018369029387981,10.288442211055278
2025-01-18 00:00:00,298.770263671875,299.674072265625,4.982306234595558,10.087688442211055
2025-01-18 01:00:00,298.78515625,299.674072265625,4.9861874775805815,9.886934673366834
2025-01-18 02:00:00,298.85400390625,299.674072265625,4.933861497794897,9.886934673366834
2025-01-18 03:00:00,299.038818359375,299.674072265625,4.697490319594949,10.087688442211055
2025-01-18 04:00:00,299.336669921875,299.674072265625,4.426358487707645,10.68994974874372
2025-01-18 05:00:00,299.6141357421875,299.674072265625,4.0935555864172315,11.091457286432162
2025-01-18 06:00:00,299.810302734375,299.674072265625,3.8895889201532343,11.693718592964824
2025-01-18 07:00:00,299.921875,299.674072265625,3.7624474375305694,12.095226130653268
2025-01-18 08:00:00,299.9873046875,299.674072265625,3.9883284183616947,13.098994974874373
2025-01-18 09:00:00,299.9952392578125,299.674072265625,4.099645202147587,13.500502512562814
2025-01-18 10:00:00,300.14013671875,299.674072265625,4.1302656491591705,14.50427135678392
2025-01-18 11:00:00,300.107421875,299.674072265625,3.7528838946300502,13.701256281407035
2025-01-18 12:00:00,300.009521484375,299.674072265625,3.2872439024095406,12.095226130653268
2025-01-18 13:00:00,299.879150390625,299.674072265625,2.787630899052032,10.489195979899499
2025-01-18 14:00:00,299.7314453125,299.674072265625,2.4061624432961866,9.284673366834172
2025-01-18 15:00:00,299.6072998046875,299.674072265625,2.076165027743933,8.280904522613065
2025-01-18 16:00:00,299.5045166015625,299.674072265625,2.4268282858979555,8.682412060301509
2025-01-18 17:00:00,299.408447265625,299.674072265625,3.1930898488477433,9.686180904522613
2025-01-18 18:00:00,299.305419921875,299.674072265625,3.739760517875008,10.288442211055278
2025-01-18 19:00:00,299.20654296875,299.674072265625,4.063896205775762,10.288442211055278
2025-01-18 20:00:00,299.17626953125,299.674072265625,4.225194832319025,10.288442211055278
2025-01-18 21:00:00,299.11865234375,299.674072265625,4.27576853240605,10.288442211055278
2025-01-18 22:00:00,298.993408203125,299.50830078125,4.13276336119929,10.087688442211055
2025-01-18 23:00:00,298.921142578125,299.50830078125,4.533135212510148,10.489195979899499
2025-01-19 00:00:00,298.851806640625,299.50830078125,4.852937821437543,11.091457286432162
2025-01-19 01:00:00,298.8349609375,299.50830078125,4.973935076175903,11.693718592964824
2025-01-19 02:00:00,298.86669921875,299.50830078125,4.988241858619017,12.095226130653268
2025-01-19 03:00:00,298.96826171875,299.50830078125,5.003539478547014,12.69748743718593
2025-01-19 04:00:00,299.090576171875,299.50830078125,5.1417380526984315,13.299748743718594
2025-01-19 05:00:00,299.1781005859375,299.50830078125,5.210419477382891,13.701256281407035
2025-01-19 06:00:00,299.2518310546875,299.50830078125,5.202775833627523,13.902010050251258
2025-01-19 07:00:00,299.272705078125,299.50830078125,4.89190360245526,13.299748743718594
2025-01-19 08:00:00,299.349853515625,299.50830078125,4.426755490824185,12.69748743718593
2025-01-19 09:00:00,299.43896484375,299.50830078125,4.038889262475137,12.095226130653268
2025-01-19 10:00:00,299.2823486328125,299.50830078125,3.9284938966661422,11.292211055276383
2025-01-19 11:00:00,299.30224609375,299.50830078125,3.77766514312511,10.89070351758794
2025-01-19 12:00:00,299.19677734375,299.50830078125,3.5893463346894157,10.288442211055278
2025-01-19 13:00:00,299.07421875,299.50830078125,3.645512581411339,9.886934673366834
2025-01-19 14:00:00,298.945556640625,299.50830078125,3.6810504640794943,9.686180904522613
2025-01-19 15:00:00,298.8818359375,299.50830078125,3.484268591688929,9.284673366834172
2025-01-19 16:00:00,298.858642578125,299.50830078125,3.2111842831131137,8.88316582914573
2025-01-19 17:00:00,298.818603515625,299.50830078125,2.7982594783533905,8.080150753768844
2025-01-19 18:00:00,298.784912109375,299.50830078125,2.5752799333857483,7.8793969849246235
2025-01-19 19:00:00,298.677490234375,299.50830078125,3.3912685089615975,8.88316582914573
2025-01-19 20:00:00,298.587158203125,299.50830078125,4.847048769931354,10.489195979899499
2025-01-19 21:00:00,298.5341796875,299.50830078125,5.804052822199974,11.693718592964824
2025-01-19 22:00:00,298.447509765625,299.646240234375,6.058821421246268,12.49673366834171
2025-01-19 23:00:00,298.48291015625,299.646240234375,5.880076585363477,12.295979899497489
2025-01-20 00:00:00,298.532958984375,299.646240234375,5.896357137315574,12.69748743718593
2025-01-20 01:00:00,298.55322265625,299.646240234375,5.981033606568072,12.69748743718593
2025-01-20 02:00:00,298.5537109375,299.646240234375,6.030609489934435,12.69748743718593
2025-01-20 03:00:00,298.589111328125,299.646240234375,5.9961589334599585,12.69748743718593
2025-01-20 04:00:00,298.732421875,299.646240234375,5.898159337669019,12.898241206030152
2025-01-20 05:00:00,298.918701171875,299.646240234375,5.789791816108992,13.701256281407035
2025-01-20 06:00:00,299.0540771484375,299.646240234375,5.648914805081869,14.102763819095479
2025-01-20 07:00:00,299.0953369140625,299.646240234375,5.610323836695502,14.3035175879397
2025-01-20 08:00:00,299.048095703125,299.646240234375,5.695851511469772,14.102763819095479
2025-01-20 09:00:00,298.953857421875,299.646240234375,5.938568092906257,13.902010050251258
2025-01-20 10:00:00,298.8782958984375,299.646240234375,6.0422328996130314,13.701256281407035
2025-01-20 11:00:00,298.8450927734375,299.646240234375,5.786351480919246,13.098994974874373
2025-01-20 12:00:00,298.8348388671875,299.646240234375,5.663693731425678,12.69748743718593
2025-01-20 13:00:00,298.7916259765625,299.646240234375,5.743865536735167,12.69748743718593
2025-01-20 14:00:00,298.8262939453125,299.646240234375,5.672460205096105,12.69748743718593
2025-01-20 15:00:00,298.9310302734375,299.646240234375,5.293203798688912,12.295979899497489
2025-01-20 16:00:00,299.0191650390625,299.646240234375,4.985361667724628,12.095226130653268
2025-01-20 17:00:00,299.018798828125,299.646240234375,4.745784092566735,11.693718592964824
2025-01-20 18:00:00,298.979736328125,299.646240234375,4.7885904424905394,11.693718592964824
2025-01-20 19:00:00,298.865478515625,299.646240234375,5.172770217082532,12.095226130653268
2025-01-20 20:00:00,298.75048828125,299.646240234375,5.3645721585551245,12.295979899497489
2025-01-20 21:00:00,298.689208984375,299.646240234375,5.7410314138978835,12.898241206030152
2025-01-20 22:00:00,298.56640625,299.708740234375,5.979692736721312,13.098994974874373
2025-01-20 23:00:00,298.51416015625,299.708740234375,6.401160733685884,13.500502512562814
2025-01-21 00:00:00,298.516357421875,299.708740234375,6.806688423823544,13.902010050251258
2025-01-21 01:00:00,298.52392578125,299.708740234375,6.846086667049815,13.701256281407035
2025-01-21 02:00:00,298.52880859375,299.708740234375,6.489922941940518,13.299748743718594
2025-01-21 03:00:00,298.58642578125,299.708740234375,6.225046987579452,12.898241206030152
2025-01-21 04:00:00,298.688720703125,299.708740234375,6.107623661771344,12.69748743718593
2025-01-21 05:00:00,298.78857421875,299.708740234375,5.883273472098472,12.69748743718593
2025-01-21 06:00:00,298.9027099609375,299.708740234375,5.604362716469674,12.898241206030152
2025-01-21 07:00:00,298.98583984375,299.708740234375,5.47236915152863,13.098994974874373
2025-01-21 08:00:00,299.023681640625,299.708740234375,5.428317624571551,13.500502512562814
2025-01-21 09:00:00,299.028076171875,299.708740234375,5.539708936042547,13.902010050251258
2025-01-21 10:00:00,299.0167236328125,299.708740234375,5.7728946894430795,14.3035175879397
2025-01-21 11:00:00,298.9761962890625,299.708740234375,5.855706059573357,14.50427135678392
2025-01-21 12:00:00,298.908203125,299.708740234375,5.524721333062411,13.701256281407035
2025-01-21 13:00:00,298.832763671875,299.708740234375,5.018519835352016,12.69748743718593
2025-01-21 14:00:00,298.8328857421875,299.708740234375,4.415980820838179,11.693718592964824
2025-01-21 15:00:00,298.8426513671875,299.708740234375,3.9522199388914236,10.89070351758794
2025-01-21 16:00:00,298.859619140625,299.708740234375,3.8934850134271346,10.89070351758794
2025-01-21 17:00:00,298.777099609375,299.708740234375,4.297654298994667,11.292211055276383
2025-01-21 18:00:00,298.6318359375,299.708740234375,4.992656792089264,12.095226130653268
2025-01-21 19:00:00,298.5224609375,299.708740234375,5.578309741641607,12.898241206030152
2025-01-21 20:00:00,298.49609375,299.708740234375,5.946101428385829,13.299748743718594
2025-01-21 21:00:00,298.517822265625,299.708740234375,6.2719576277873905,13.902010050251258
2025-01-21 22:00:00,298.423828125,299.60888671875,5.748560979437302,13.098994974874373
2025-01-21 23:00:00,298.44287109375,299.60888671875,5.908273351031267,13.299748743718594
2025-01-22 00:00:00,298.451416015625,299.60888671875,6.112923228064139,13.500502512562814
2025-01-22 01:00:00,298.4609375,299.60888671875,6.291409492931492,13.701256281407035
2025-01-22 02:00:00,298.470703125,299.60888671875,6.738345973940994,14.3035175879397
2025-01-22 03:00:00,298.473388671875,299.60888671875,6.918459370255504,14.50427135678392
2025-01-22 04:00:00,298.492919921875,299.60888671875,6.785235988484551,14.3035175879397
2025-01-22 05:00:00,298.506103515625,299.60888671875,6.636869846756156,14.3035175879397
2025-01-22 06:00:00,298.507080078125,299.60888671875,6.670562950023035,14.50427135678392
2025-01-22 07:00:00,298.4805908203125,299.60888671875,6.806928907543188,14.705025125628142
2025-01-22 08:00:00,298.4254150390625,299.60888671875,7.11436373540797,15.307286432160804
2025-01-22 09:00:00,298.395263671875,299.60888671875,7.583686917643824,16.31105527638191
2025-01-22 10:00:00,298.304931640625,299.60888671875,7.649538045396096,16.31105527638191
2025-01-22 11:00:00,298.4404296875,299.60888671875,7.858405157141232,17.314824120603017
2025-01-22 12:00:00,298.5218505859375,299.60888671875,7.651756067091649,17.515577889447236
2025-01-22 13:00:00,298.586669921875,299.60888671875,7.20895693228138,17.114070351758794
2025-01-22 14:00:00,298.58837890625,299.60888671875,7.031600010706887,16.712562814070353
2025-01-22 15:00:00,298.56982421875,299.60888671875,7.343674192344852,17.114070351758794
2025-01-22 16:00:00,298.51171875,299.60888671875,7.706669342642596,17.515577889447236
2025-01-22 17:00:00,298.484619140625,299.60888671875,7.848612417420856,17.515577889447236
2025-01-22 18:00:00,298.499755859375,299.60888671875,7.909007393831079,17.71633165829146
2025-01-22 19:00:00,298.5103759765625,299.60888671875,8.251739073268233,18.1178391959799
2025-01-22 20:00:00,298.476318359375,299.60888671875,8.760187917463682,18.920854271356784
2025-01-22 21:00:00,298.4130859375,299.60888671875,9.195272678972271,19.92462311557789
2025-01-22 22:00:00,298.17138671875,299.7138671875,9.058929760802098,19.723869346733668
2025-01-22 23:00:00,298.001953125,299.7138671875,9.104928625698957,19.723869346733668
2025-01-23 00:00:00,297.801025390625,299.7138671875,8.951916027162842,19.121608040201007
2025-01-23 01:00:00,297.6171875,299.7138671875,8.784031397843831,18.519346733668343
2025-01-23 02:00:00,297.459228515625,299.7138671875,8.596856958769298,18.1178391959799
2025-01-23 03:00:00,297.420166015625,299.7138671875,8.469581546738345,17.917085427135678
2025-01-23 04:00:00,297.470458984375,299.7138671875,8.481947276914875,18.31859296482412
2025-01-23 05:00:00,297.5184326171875,299.7138671875,8.753961171425182,19.121608040201007
2025-01-23 06:00:00,297.516845703125,299.7138671875,8.956901578597787,19.723869346733668
2025-01-23 07:00:00,297.52783203125,299.7138671875,8.922387866342948,19.92462311557789
2025-01-23 08:00:00,297.583984375,299.7138671875,8.676682058388991,19.92462311557789
2025-01-23 09:00:00,297.6961669921875,299.7138671875,8.381217718311685,19.723869346733668
2025-01-23 10:00:00,297.848876953125,299.7138671875,7.976609610356322,19.92462311557789
2025-01-23 11:00:00,298.0496826171875,299.7138671875,8.032638475065383,20.526884422110555
2025-01-23 12:00:00,298.3006591796875,299.7138671875,8.119798497310525,21.32989949748744
2025-01-23 13:00:00,298.5206298828125,299.7138671875,8.042085912887314,21.73140703517588
2025-01-23 14:00:00,298.722412109375,299.7138671875,7.825135461114677,21.73140703517588
2025-01-23 15:00:00,298.8548583984375,299.7138671875,7.846777136446213,21.73140703517588
2025-01-23 16:00:00,298.9290771484375,299.7138671875,7.947658572653748,21.9321608040201
2025-01-23 17:00:00,298.9237060546875,299.7138671875,8.007309453751034,21.73140703517588
2025-01-23 18:00:00,298.89306640625,299.7138671875,8.06236673830506,21.530653266331658
2025-01-23 19:00:00,298.89111328125,299.7138671875,8.36600956441244,22.132914572864323
2025-01-23 20:00:00,298.848388671875,299.7138671875,8.869380075204663,23.337437185929648
2025-01-23 21:00:00,298.6826171875,299.7138671875,9.206121349834389,23.53819095477387
2025-01-23 22:00:00,298.387451171875,299.688720703125,8.852010216370923,22.132914572864323
2025-01-23 23:00:00,298.163818359375,299.688720703125,8.976948018558321,21.530653266331658
2025-01-24 00:00:00,298.003662109375,299.688720703125,9.163575785182925,21.32989949748744
2025-01-24 01:00:00,297.884521484375,299.688720703125,9.273817462787674,21.129145728643216
2025-01-24 02:00:00,297.821044921875,299.688720703125,9.279580200293434,20.727638190954774
2025-01-24 03:00:00,297.809326171875,299.688720703125,9.06339722588517,20.12537688442211
2025-01-24 04:00:00,297.804443359375,299.688720703125,8.786404426674531,19.322361809045226
2025-01-24 05:00:00,297.7862548828125,299.688720703125,8.521598480859794,18.31859296482412
2025-01-24 06:00:00,297.7503662109375,299.688720703125,8.196774320135447,17.314824120603017
2025-01-24 07:00:00,297.7451171875,299.688720703125,7.819815884322799,16.110301507537688
2025-01-24 08:00:00,297.773193359375,299.688720703125,7.490524667976469,15.508040201005025
2025-01-24 09:00:00,297.840087890625,299.688720703125,7.325025819451418,15.106532663316584
2025-01-24 10:00:00,297.7677001953125,299.688720703125,7.121593957906707,14.50427135678392
2025-01-24 11:00:00,297.939697265625,299.688720703125,7.267938853673617,14.705025125628142
2025-01-24 12:00:00,298.101806640625,299.688720703125,7.31649304748413,14.905778894472363
2025-01-24 13:00:00,298.28271484375,299.688720703125,7.301385767697141,15.106532663316584
2025-01-24 14:00:00,298.477783203125,299.688720703125,7.227250897153893,15.307286432160804
2025-01-24 15:00:00,298.7520751953125,299.688720703125,7.06989914612144,15.508040201005025
2025-01-24 16:00:00,299.015625,299.688720703125,6.940210441614889,15.708793969849248
2025-01-24 17:00:00,299.21435546875,299.688720703125,6.865114002763092,16.110301507537688
2025-01-24 18:00:00,299.2720947265625,299.688720703125,6.868032490389266,15.909547738693469
2025-01-24 19:00:00,299.2379150390625,299.688720703125,6.8459718340283935,15.708793969849248
2025-01-24 20:00:00,299.097412109375,299.688720703125,6.939110082463014,15.508040201005025
2025-01-24 21:00:00,298.937255859375,299.688720703125,7.0873416779116525,15.307286432160804
2025-01-24 22:00:00,298.642578125,299.740478515625,6.85839790726222,14.705025125628142
2025-01-24 23:00:00,298.52978515625,299.740478515625,6.881166479327827,14.3035175879397
2025-01-25 00:00:00,298.427001953125,299.740478515625,6.877789862722073,14.102763819095479
2025-01-25 01:00:00,298.38037109375,299.740478515625,6.767575857322417,13.701256281407035
2025-01-25 02:00:00,298.316162109375,299.740478515625,6.600605052793896,13.299748743718594
2025-01-25 03:00:00,298.329833984375,299.740478515625,6.427486098965516,12.898241206030152
2025-01-25 04:00:00,298.365966796875,299.740478515625,6.31237795023232,12.49673366834171
2025-01-25 05:00:00,298.4033203125,299.740478515625,6.341010116570085,12.69748743718593
2025-01-25 06:00:00,298.43505859375,299.740478515625,6.188545610215876,12.49673366834171
2025-01-25 07:00:00,298.4302978515625,299.740478515625,5.800573429405146,11.894472361809045
2025-01-25 08:00:00,298.437255859375,299.740478515625,5.4609608838156465,11.292211055276383
2025-01-25 09:00:00,298.4189453125,299.740478515625,5.302888312353469,10.89070351758794
2025-01-25 10:00:00,298.3349609375,299.740478515625,5.386428260703234,11.091457286432162
2025-01-25 11:00:00,298.3179931640625,299.740478515625,5.677468395334684,11.292211055276383
2025-01-25 12:00:00,298.3267822265625,299.740478515625,5.797024486059776,11.492964824120603
2025-01-25 13:00:00,298.342041015625,299.740478515625,5.790273924787692,11.492964824120603
2025-01-25 14:00:00,298.410400390625,299.740478515625,5.614934595564575,11.492964824120603
2025-01-25 15:00:00,298.5250244140625,299.740478515625,5.335021652695447,11.292211055276383
2025-01-25 16:00:00,298.6141357421875,299.740478515625,5.152838204532064,11.091457286432162
2025-01-25 17:00:00,298.704833984375,299.740478515625,5.1596027930875925,11.292211055276383
2025-01-25 18:00:00,298.807861328125,299.740478515625,5.56836010978243,12.095226130653268
2025-01-25 19:00:00,298.875,299.740478515625,6.175043075101708,13.299748743718594
2025-01-25 20:00:00,298.927978515625,299.740478515625,6.587885414848676,14.102763819095479
2025-01-25 21:00:00,298.927978515625,299.740478515625,6.791617125231094,14.3035175879397
2025-01-25 22:00:00,298.85400390625,299.8779296875,6.65256164759026,14.3035175879397
2025-01-25 23:00:00,298.7392578125,299.8779296875,6.7789707280197256,14.3035175879397
2025-01-26 00:00:00,298.6171875,299.8779296875,6.820368106230013,14.102763819095479
2025-01-26 01:00:00,298.566650390625,299.8779296875,6.721341460621373,13.902010050251258
2025-01-26 02:00:00,298.613525390625,299.8779296875,6.590007911954719,13.902010050251258
2025-01-26 03:00:00,298.677001953125,299.8779296875,6.481529115909162,13.701256281407035
2025-01-26 04:00:00,298.753173828125,299.8779296875,6.444213918058801,13.500502512562814
2025-01-26 05:00:00,298.7698974609375,299.8779296875,6.5392498186928,13.500502512562814
2025-01-26 06:00:00,298.72509765625,299.8779296875,6.664477579269723,13.500502512562814
2025-01-26 07:00:00,298.648193359375,299.8779296875,6.641416091429824,13.299748743718594
2025-01-26 08:00:00,298.581298828125,299.8779296875,6.435088002819861,12.898241206030152
2025-01-26 09:00:00,298.581298828125,299.8779296875,6.19712996591723,12.69748743718593
2025-01-26 10:00:00,298.5693359375,299.8779296875,5.744217603143191,12.295979899497489
2025-01-26 11:00:00,298.651123046875,299.8779296875,5.656294359018721,12.295979899497489
2025-01-26 12:00:00,298.7308349609375,299.8779296875,5.459049578487979,12.095226130653268
2025-01-26 13:00:00,298.786865234375,299.8779296875,5.118568321492002,11.693718592964824
2025-01-26 14:00:00,298.8507080078125,299.8779296875,5.1971408999666435,11.894472361809045
2025-01-26 15:00:00,298.958251953125,299.8779296875,5.625537795486393,12.69748743718593
2025-01-26 16:00:00,299.0146484375,299.8779296875,6.016676208007195,13.500502512562814
2025-01-26 17:00:00,299.023193359375,299.8779296875,6.0478742309903435,13.701256281407035
2025-01-26 18:00:00,299.03173828125,299.8779296875,5.96886223427636,13.902010050251258
2025-01-26 19:00:00,299.051513671875,299.8779296875,6.07213824926668,14.3035175879397
2025-01-26 20:00:00,299.124267578125,299.8779296875,6.206265689889236,15.106532663316584
2025-01-26 21:00:00,299.17333984375,299.8779296875,6.041277169240879,15.106532663316584
2025-01-26 22:00:00,299.08056640625,299.916259765625,5.6541763988937275,13.902010050251258
2025-01-26 23:00:00,299.0712890625,299.916259765625,5.343899692398048,13.500502512562814
2025-01-27 00:00:00,299.052001953125,299.916259765625,5.309265804390496,13.299748743718594
2025-01-27 01:00:00,299.005859375,299.916259765625,5.355152359417041,13.299748743718594
2025-01-27 02:00:00,298.94287109375,299.916259765625,5.370420109249869,13.299748743718594
2025-01-27 03:00:00,298.869140625,299.916259765625,5.303971678243632,13.098994974874373
2025-01-27 04:00:00,298.82666015625,299.916259765625,5.170767123997288,12.898241206030152
2025-01-27 05:00:00,298.80126953125,299.916259765625,5.048028587220402,12.49673366834171
2025-01-27 06:00:00,298.7735595703125,299.916259765625,4.964435622989366,12.095226130653268
2025-01-27 07:00:00,298.7523193359375,299.916259765625,4.967688050974182,12.095226130653268
2025-01-27 08:00:00,298.73583984375,299.916259765625,4.96040184374999,12.095226130653268
2025-01-27 09:00:00,298.6962890625,299.916259765625,4.806545451764129,11.894472361809045
2025-01-27 10:00:00,298.6253662109375,299.916259765625,5.115465770996491,12.095226130653268
2025-01-27 11:00:00,298.6568603515625,299.916259765625,4.984346604401811,12.095226130653268
2025-01-27 12:00:00,298.6480712890625,299.916259765625,4.626607386474132,11.693718592964824
2025-01-27 13:00:00,298.643310546875,299.916259765625,4.413762936617877,11.492964824120603
2025-01-27 14:00:00,298.6446533203125,299.916259765625,4.108486843144053,11.091457286432162
2025-01-27 15:00:00,298.7095947265625,299.916259765625,3.7996667831338047,10.68994974874372
2025-01-27 16:00:00,298.7421875,299.916259765625,3.5440537036545963,10.288442211055278
2025-01-27 17:00:00,298.7352294921875,299.916259765625,3.594582557773231,10.489195979899499
2025-01-27 18:00:00,298.66943359375,299.916259765625,3.853853292904148,10.89070351758794
2025-01-27 19:00:00,298.5775146484375,299.916259765625,4.221256688613179,11.492964824120603
2025-01-27 20:00:00,298.5078125,299.916259765625,4.5556347655410185,11.894472361809045
2025-01-27 21:00:00,298.46142578125,299.916259765625,4.829539181621267,12.295979899497489
2025-01-27 22:00:00,298.4208984375,299.83544921875,4.434632489093623,11.693718592964824
2025-01-27 23:00:00,298.3916015625,299.83544921875,4.473272341613793,11.693718592964824
2025-01-28 00:00:00,298.440185546875,299.83544921875,4.734769227247455,12.295979899497489
2025-01-28 01:00:00,298.515380859375,299.83544921875,4.629136380302723,12.295979899497489
2025-01-28 02:00:00,298.587890625,299.83544921875,4.324220971147403,11.894472361809045
2025-01-28 03:00:00,298.721435546875,299.83544921875,3.758242300623569,11.091457286432162
2025-01-28 04:00:00,298.8223876953125,299.83544921875,3.4896217781804544,10.68994974874372
2025-01-28 05:00:00,298.940185546875,299.83544921875,3.5621996002180936,10.89070351758794
2025-01-28 06:00:00,299.01416015625,299.83544921875,3.6954595274941404,11.292211055276383
2025-01-28 07:00:00,299.0264892578125,299.83544921875,3.339282114227547,10.68994974874372
2025-01-28 08:00:00,299.07080078125,299.83544921875,2.54892909486692,9.284673366834172
2025-01-28 09:00:00,299.095458984375,299.83544921875,1.7012917387289006,7.477889447236181
2025-01-28 10:00:00,299.060302734375,299.83544921875,1.2626077488116645,6.474120603015075
2025-01-28 11:00:00,299.1124267578125,299.83544921875,1.152763825361593,6.273366834170854
2025-01-28 12:00:00,299.0714111328125,299.83544921875,1.2841689625172534,6.474120603015075
2025-01-28 13:00:00,298.94091796875,299.83544921875,1.6674051980613513,7.076381909547739
2025-01-28 14:00:00,298.8160400390625,299.83544921875,1.8372077210935558,7.27713567839196
2025-01-28 15:00:00,298.74493408203125,299.83544921875,1.6091177623246455,6.674874371859296
2025-01-28 16:00:00,298.6507568359375,299.83544921875,1.2254835926690917,5.871859296482412
2025-01-28 17:00:00,298.5615234375,299.83544921875,1.166235379995646,5.671105527638191
2025-01-28 18:00:00,298.4425048828125,299.83544921875,1.502948171952432,6.273366834170854
2025-01-28 19:00:00,298.3360595703125,299.83544921875,2.075406315847155,7.076381909547739
2025-01-28 20:00:00,298.2554931640625,299.83544921875,2.672329655393381,8.080150753768844
2025-01-28 21:00:00,298.180908203125,299.83544921875,3.199099655083026,8.682412060301509
2025-01-28 22:00:00,298.158447265625,299.977783203125,2.727335968106529,8.080150753768844
2025-01-28 23:00:00,298.11083984375,299.977783203125,3.120972335774479,8.682412060301509
2025-01-29 00:00:00,298.11572265625,299.977783203125,3.4476310601125677,9.08391959798995
2025-01-29 01:00:00,298.157958984375,299.977783203125,3.8688755232524255,9.886934673366834
2025-01-29 02:00:00,298.221435546875,299.977783203125,4.02137127688182,10.288442211055278
2025-01-29 03:00:00,298.3634033203125,299.977783203125,4.084562347422629,10.68994974874372
2025-01-29 04:00:00,298.5223388671875,299.977783203125,4.074003048224479,10.89070351758794
2025-01-29 05:00:00,298.6893310546875,299.977783203125,3.705796116043674,10.68994974874372
2025-01-29 06:00:00,298.8338623046875,299.977783203125,3.412559239019399,10.288442211055278
2025-01-29 07:00:00,298.937255859375,299.977783203125,3.542317888622499,10.68994974874372
2025-01-29 08:00:00,299.04833984375,299.977783203125,4.046652229477049,12.095226130653268
2025-01-29 09:00:00,299.08056640625,299.977783203125,4.592943208998043,13.299748743718594
2025-01-29 10:00:00,298.9735107421875,299.977783203125,5.194010450956646,14.102763819095479
2025-01-29 11:00:00,298.9910888671875,299.977783203125,5.342150961601069,14.705025125628142
2025-01-29 12:00:00,298.9996337890625,299.977783203125,5.3239898878436245,14.905778894472363
2025-01-29 13:00:00,298.96240234375,299.977783203125,5.2424355809421606,14.905778894472363
2025-01-29 14:00:00,298.9453125,299.977783203125,5.199230906400111,14.905778894472363
2025-01-29 15:00:00,298.960205078125,299.977783203125,5.371121561888734,15.307286432160804
2025-01-29 16:00:00,298.91796875,299.977783203125,5.71002757006821,15.708793969849248
2025-01-29 17:00:00,298.8592529296875,299.977783203125,5.83635680680427,15.508040201005025
2025-01-29 18:00:00,298.771240234375,299.977783203125,5.752429562434156,14.905778894472363
2025-01-29 19:00:00,298.7169189453125,299.977783203125,5.58063406583671,14.102763819095479
2025-01-29 20:00:00,298.693359375,299.977783203125,5.699513395759314,13.902010050251258
2025-01-29 21:00:00,298.68798828125,299.977783203125,5.9488549224748235,13.902010050251258
2025-01-29 22:00:00,298.728271484375,299.95556640625,5.862053570960285,13.500502512562814
2025-01-29 23:00:00,298.778564453125,299.95556640625,6.1379785332206245,13.902010050251258
2025-01-30 00:00:00,298.81298828125,299.95556640625,6.534809072705255,14.905778894472363
2025-01-30 01:00:00,298.87841796875,299.95556640625,6.736813299169789,15.909547738693469
2025-01-30 02:00:00,298.925048828125,299.95556640625,6.807624228112259,16.31105527638191
2025-01-30 03:00:00,299.01953125,299.95556640625,6.798522424225672,16.913316582914575
2025-01-30 04:00:00,299.1090087890625,299.95556640625,6.71223526449655,17.114070351758794
2025-01-30 05:00:00,299.25628662109375,299.95556640625,6.549527570588361,17.314824120603017
2025-01-30 06:00:00,299.316650390625,299.95556640625,6.266488141794868,17.114070351758794
2025-01-30 07:00:00,299.287353515625,299.95556640625,5.900315929233306,16.31105527638191
2025-01-30 08:00:00,299.251220703125,299.95556640625,5.465514122776067,15.508040201005025
2025-01-30 09:00:00,299.175048828125,299.95556640625,5.077055784255211,14.705025125628142
2025-01-30 10:00:00,298.86328125,299.95556640625,4.858921588593943,13.701256281407035
2025-01-30 11:00:00,298.820556640625,299.95556640625,4.91777045962368,13.701256281407035
2025-01-30 12:00:00,298.7569580078125,299.95556640625,5.289063965904281,14.3035175879397
2025-01-30 13:00:00,298.73828125,299.95556640625,5.295091046175426,14.3035175879397
2025-01-30 14:00:00,298.7333984375,299.95556640625,5.172208441854033,13.902010050251258
2025-01-30 15:00:00,298.7845458984375,299.95556640625,5.058503482447711,13.701256281407035
2025-01-30 16:00:00,298.8524169921875,299.95556640625,5.10184338734802,13.701256281407035
2025-01-30 17:00:00,298.8858642578125,299.95556640625,5.415478547710226,14.3035175879397
2025-01-30 18:00:00,298.90185546875,299.95556640625,5.849339164684709,15.307286432160804
2025-01-30 19:00:00,298.8841552734375,299.95556640625,6.313694003174716,16.110301507537688
2025-01-30 20:00:00,298.849365234375,299.95556640625,6.563935106219042,16.712562814070353
2025-01-30 21:00:00,298.77001953125,299.95556640625,6.709378013348647,16.712562814070353
2025-01-30 22:00:00,298.488037109375,299.954833984375,6.890908004205144,16.110301507537688
2025-01-30 23:00:00,298.332275390625,299.954833984375,6.760072680558767,15.307286432160804
2025-01-31 00:00:00,298.186767578125,299.954833984375,6.580244608574314,14.705025125628142
2025-01-31 01:00:00,298.068603515625,299.954833984375,6.3093326602557465,13.902010050251258
2025-01-31 02:00:00,297.964599609375,299.954833984375,6.030838551856902,13.299748743718594
2025-01-31 03:00:00,297.934814453125,299.954833984375,5.830784963785581,12.898241206030152
2025-01-31 04:00:00,297.9510498046875,299.954833984375,5.58499048635934,12.49673366834171
2025-01-31 05:00:00,297.981689453125,299.954833984375,5.431544347835348,12.295979899497489
2025-01-31 06:00:00,297.9906005859375,299.954833984375,5.333752121176347,12.095226130653268
2025-01-31 07:00:00,297.952392578125,299.954833984375,5.263825471407269,11.894472361809045
2025-01-31 08:00:00,297.90673828125,299.954833984375,5.091481575483489,11.693718592964824
2025-01-31 09:00:00,297.86962890625,299.954833984375,4.983281134388742,11.492964824120603
2025-01-31 10:00:00,297.763671875,299.954833984375,5.016452704856003,11.492964824120603
2025-01-31 11:00:00,297.724853515625,299.954833984375,5.109038926590461,11.693718592964824
2025-01-31 12:00:00,297.73095703125,299.954833984375,5.371056596280688,12.295979899497489
2025-01-31 13:00:00,297.6954345703125,299.954833984375,5.869219836023439,13.299748743718594
2025-01-31 14:00:00,297.7462158203125,299.954833984375,6.572524289012067,15.106532663316584
2025-01-31 15:00:00,297.8564453125,299.954833984375,6.779870764635226,16.31105527638191
2025-01-31 16:00:00,298.003662109375,299.954833984375,6.569128296977156,16.712562814070353
2025-01-31 17:00:00,298.10107421875,299.954833984375,6.057288819331275,16.31105527638191
2025-01-31 18:00:00,298.0947265625,299.954833984375,5.816745917105242,15.909547738693469
2025-01-31 19:00:00,298.002197265625,299.954833984375,6.141693601086949,16.110301507537688
2025-01-31 20:00:00,297.89013671875,299.954833984375,6.579866035199077,16.712562814070353
2025-01-31 21:00:00,297.789306640625,299.954833984375,6.7302693603770845,16.712562814070353
2025-01-31 22:00:00,297.75,299.899658203125,6.814442769962101,16.51180904522613
2025-01-31 23:00:00,297.680419921875,299.899658203125,7.099476766134924,16.913316582914575
